dish_id,base_dish_name,regional_alias_name,english_translated_name,region,state,city_or_district,community_identity,gi_status,gi_tag_details,famousness_tier,dish_type,consumption_type,consumption_time,occasion_description,cooking_method,ingredients_used,dish_image_url,source_type,source_url
Z1-RJ-01,Dal Baati Churma,Dal Baati Churma,Traditional wheat dumplings with lentils and sweet crumble,North,Rajasthan,Jaipur,Rajasthani,NA,NA,Global,Veg,everyday,lunch,,Roasted,"wheat flour, lentils, ghee, jaggery, spices",https://placehold.co/1200x800?text=Dal%20Baati%20Churma,Wikipedia,https://en.wikipedia.org/wiki/Dal_bati_churma
Z1-RJ-02,Laal Maas,Red Mutton Curry,Spicy red mutton curry,North,Rajasthan,Jodhpur,Rajasthani,NA,NA,Global,Non-Veg,occasional,,Prepared for festive and royal-style meals in Rajasthan.,Simmered/Stewed,"mutton, red chili, yogurt, garlic, ghee, spices",https://placehold.co/1200x800?text=Laal%20Maas,Wikipedia,https://en.wikipedia.org/wiki/Laal_maans
Z1-PB-01,Sarson da Saag,Mustard Greens Curry,Slow-cooked mustard greens with spices,North,Punjab,Amritsar,Punjabi,NA,NA,Global,Veg,everyday,lunch,,Simmered/Stewed,"mustard greens, spinach, maize flour, ginger, garlic, ghee, spices",https://placehold.co/1200x800?text=Sarson%20da%20Saag,Wikipedia,https://en.wikipedia.org/wiki/Sarson_da_saag
Z1-PB-02,Tandoori Chicken,Tandoori Chicken,Marinated chicken roasted in a tandoor,North,Punjab,Amritsar,Punjabi,NA,NA,Global,Non-Veg,occasional,,Common at celebratory meals and restaurant service.,Tandoor/Clay-Oven,"chicken, yogurt, ginger, garlic, chili, lemon, spices",https://placehold.co/1200x800?text=Tandoori%20Chicken,Wikipedia,https://en.wikipedia.org/wiki/Tandoori_chicken
Z1-HR-01,Bajra Khichdi,Pearl Millet Khichdi,Pearl millet and lentil khichdi,North,Haryana,Karnal,Haryanvi,NA,NA,National,Veg,everyday,lunch,,Boiled,"pearl millet, moong dal, ghee, cumin, spices",https://placehold.co/1200x800?text=Bajra%20Khichdi,Wikipedia,https://en.wikipedia.org/wiki/Khichdi
Z1-HR-02,Kachri ki Sabzi,Kachri Curry,Wild melon curry,North,Haryana,Hisar,Haryanvi,NA,NA,National,Veg,everyday,lunch,,Sauteed/Bhuna,"kachri, onion, tomato, curd, chili, spices",https://placehold.co/1200x800?text=Kachri%20ki%20Sabzi,Wikipedia,https://en.wikipedia.org/wiki/Kachri
Z1-HP-01,Siddu,Steamed Stuffed Bread,Steamed stuffed bread,North,Himachal Pradesh,Shimla,Himachali,NA,NA,National,Veg,everyday,breakfast,,Steamed,"wheat flour, yeast, walnut, poppy seeds, ghee",https://placehold.co/1200x800?text=Siddu,Wikipedia,https://en.wikipedia.org/wiki/Siddu
Z1-HP-02,Dham,Himachali Feast,Traditional Himachali feast platter,North,Himachal Pradesh,Mandi,Himachali,NA,NA,National,Veg,occasional,,"Prepared for weddings, community feasts, and festival gatherings.",Dum/Braised,"rice, lentils, rajma, yogurt, ghee, spices",https://placehold.co/1200x800?text=Dham,Wikipedia,https://en.wikipedia.org/wiki/Himachali_dham
Z1-UK-01,Kafuli,Spinach and Fenugreek Curry,Thick spinach and fenugreek curry,North,Uttarakhand,Dehradun,Garhwali/Kumaoni,NA,NA,National,Veg,everyday,lunch,,Simmered/Stewed,"spinach, fenugreek, rice flour, garlic, spices, ghee",https://placehold.co/1200x800?text=Kafuli,Wikipedia,https://en.wikipedia.org/wiki/Kafuli
Z1-UK-02,Bal Mithai,Bal Mithai,Roasted khoya fudge with sugar balls,North,Uttarakhand,Kumaon,Garhwali/Kumaoni,NA,NA,National,Veg,occasional,,Popular as a festival sweet and gift during celebrations.,Roasted,"khoya, sugar, milk solids, cocoa, sugar balls",https://placehold.co/1200x800?text=Bal%20Mithai,Wikipedia,https://en.wikipedia.org/wiki/Bal_mithai
Z1-UP-01,Awadhi Biryani,Awadhi Biryani,Fragrant layered rice biryani,North,Uttar Pradesh,Lucknow,Awadhi,NA,NA,Global,Non-Veg,occasional,,Served at weddings and royal-style feasts in Awadh.,Dum/Braised,"basmati rice, meat, yogurt, saffron, fried onions, spices",https://placehold.co/1200x800?text=Awadhi%20Biryani,Wikipedia,https://en.wikipedia.org/wiki/Awadhi_biryani
Z1-UP-02,Tunday Kebab,Lucknowi Minced Kebab,Spiced Lucknowi minced kebab,North,Uttar Pradesh,Lucknow,Awadhi,NA,NA,Global,Non-Veg,occasional,,Associated with Lucknowi royal and celebratory cuisine.,Fried,"minced meat, gram flour, spices, onion, papaya",https://placehold.co/1200x800?text=Tunday%20Kebab,Wikipedia,https://en.wikipedia.org/wiki/Tunday_kabab
Z1-DL-01,Butter Chicken,Butter Chicken,Creamy tomato chicken curry,North,Delhi,Delhi,Delhite,NA,NA,Global,Non-Veg,everyday,dinner,,Simmered/Stewed,"chicken, tomato, butter, cream, kasuri methi, spices",https://placehold.co/1200x800?text=Butter%20Chicken,Wikipedia,https://en.wikipedia.org/wiki/Butter_chicken
Z1-DL-02,Daulat Ki Chaat,Winter Milk Foam Dessert,Whipped winter milk dessert,North,Delhi,Delhi,Delhite,NA,NA,National,Veg,occasional,,Seasonal winter street dessert served at festive morning markets.,Boiled,"milk, cream, sugar, saffron, nuts",https://placehold.co/1200x800?text=Daulat%20Ki%20Chaat,Wikipedia,https://en.wikipedia.org/wiki/Daulat_ki_chaat
Z1-JK-01,Rogan Josh,Kashmiri Lamb Curry,Aromatic lamb curry from Kashmir,North,Jammu and Kashmir,Srinagar,Kashmiri,NA,NA,Global,Non-Veg,occasional,,Traditionally served in celebratory Kashmiri Wazwan meals.,Simmered/Stewed,"mutton, yogurt, fennel, chili, spices",https://placehold.co/1200x800?text=Rogan%20Josh,Wikipedia,https://en.wikipedia.org/wiki/Rogan_josh
Z1-JK-02,Kashmiri Dum Aloo,Kashmiri Dum Aloo,Potatoes cooked in spiced yogurt gravy,North,Jammu and Kashmir,Jammu,Kashmiri,NA,NA,National,Veg,occasional,,Served in Kashmiri home feasts and vegetarian spreads.,Dum/Braised,"baby potatoes, yogurt, fennel, ginger, chili, spices",https://placehold.co/1200x800?text=Kashmiri%20Dum%20Aloo,Wikipedia,https://en.wikipedia.org/wiki/Dum_aloo
Z1-LD-01,Skyu,Ladakhi Pasta Stew,Hand-rolled wheat pasta stew,North,Ladakh,Leh,Ladakhi,NA,NA,National,Veg,everyday,lunch,,Boiled,"wheat flour, vegetables, potatoes, ghee, spices",https://placehold.co/1200x800?text=Skyu,Wikipedia,https://en.wikipedia.org/wiki/Skyu
Z1-LD-02,Thukpa,Noodle Soup,Warm noodle soup,North,Ladakh,Kargil,Ladakhi,NA,NA,Global,Veg,everyday,dinner,,Boiled,"noodles, vegetables, broth, garlic, ginger, spices",https://placehold.co/1200x800?text=Thukpa,Wikipedia,https://en.wikipedia.org/wiki/Thukpa
Z1-CH-01,Chandigarh Street Chaat,Chandigarh Street Chaat,Mixed street chaat,North,Chandigarh,Chandigarh,Punjabi,NA,NA,National,Veg,everyday,snack,,Raw,"potatoes, chickpeas, chutneys, onion, sev, spices",https://placehold.co/1200x800?text=Chandigarh%20Street%20Chaat,Wikipedia,https://en.wikipedia.org/wiki/Chandigarh
Z1-CH-02,Tricity Kulcha,Tricity Kulcha,Stuffed tandoor-baked bread,North,Chandigarh,Chandigarh,Punjabi,NA,NA,National,Veg,everyday,lunch,,Tandoor/Clay-Oven,"refined flour, potato, paneer, onion, spices, butter",https://placehold.co/1200x800?text=Tricity%20Kulcha,Wikipedia,https://en.wikipedia.org/wiki/Kulcha
